[
  {
    "model": "academics.curriculum",
    "pk": 1,
    "fields": {
      "school": null,
      "name": "Competency Based Curriculum",
      "short_code": "CBC",
      "description": "Kenya Competency Based Curriculum (2-6-3-3 system)",
      "is_active": true,
      "is_template": true
    }
  },
  {
    "model": "academics.curriculum",
    "pk": 10,
    "fields": {
      "school": null,
      "name": "K-12 International",
      "short_code": "K12",
      "description": "Standard international K-12 system (common in private and international schools)",
      "is_active": true,
      "is_template": true
    }
  },
  {
    "model": "academics.curriculum",
    "pk": 20,
    "fields": {
      "school": null,
      "name": "Tanzania National System",
      "short_code": "TZ-NAT",
      "description": "Tanzania 7-4-2-3 system (Primary + O-Level + A-Level, NECTA)",
      "is_active": true,
      "is_template": true
    }
  },
  {
    "model": "academics.curriculum",
    "pk": 30,
    "fields": {
      "school": null,
      "name": "Uganda National System",
      "short_code": "UG-NAT",
      "description": "Uganda 7-4-2-3 system (PLE + UCE + UACE, UNEB)",
      "is_active": true,
      "is_template": true
    }
  },
  {
    "model": "academics.curriculum",
    "pk": 40,
    "fields": {
      "school": null,
      "name": "Rwanda Competence-Based Curriculum",
      "short_code": "RW-CBC",
      "description": "Rwanda 6-3-3-4 system (REB competence-based, English medium)",
      "is_active": true,
      "is_template": true
    }
  },

  
  {"model": "academics.gradelevel", "pk": 1, "fields": {"school": null, "curriculum": 1, "name": "DayCare", "short_name": "DayCare", "order": 1, "code": ""}},
  {"model": "academics.gradelevel", "pk": 2, "fields": {"school": null, "curriculum": 1, "name": "PP1", "short_name": "PP1", "order": 2, "code": ""}},
  {"model": "academics.gradelevel", "pk": 3, "fields": {"school": null, "curriculum": 1, "name": "PP2", "short_name": "PP2", "order": 3, "code": ""}},
  {"model": "academics.gradelevel", "pk": 4, "fields": {"school": null, "curriculum": 1, "name": "Grade 1", "short_name": "G1", "order": 4, "code": ""}},
  {"model": "academics.gradelevel", "pk": 5, "fields": {"school": null, "curriculum": 1, "name": "Grade 2", "short_name": "G2", "order": 5, "code": ""}},
  {"model": "academics.gradelevel", "pk": 6, "fields": {"school": null, "curriculum": 1, "name": "Grade 3", "short_name": "G3", "order": 6, "code": ""}},
  {"model": "academics.gradelevel", "pk": 7, "fields": {"school": null, "curriculum": 1, "name": "Grade 4", "short_name": "G4", "order": 7, "code": ""}},
  {"model": "academics.gradelevel", "pk": 8, "fields": {"school": null, "curriculum": 1, "name": "Grade 5", "short_name": "G5", "order": 8, "code": ""}},
  {"model": "academics.gradelevel", "pk": 9, "fields": {"school": null, "curriculum": 1, "name": "Grade 6", "short_name": "G6", "order": 9, "code": ""}},
  {"model": "academics.gradelevel", "pk": 10, "fields": {"school": null, "curriculum": 1, "name": "Grade 7", "short_name": "G7", "order": 10, "code": ""}},
  {"model": "academics.gradelevel", "pk": 11, "fields": {"school": null, "curriculum": 1, "name": "Grade 8", "short_name": "G8", "order": 11, "code": ""}},
  {"model": "academics.gradelevel", "pk": 12, "fields": {"school": null, "curriculum": 1, "name": "Grade 9", "short_name": "G9", "order": 12, "code": ""}},
  {"model": "academics.gradelevel", "pk": 13, "fields": {"school": null, "curriculum": 1, "name": "Grade 10", "short_name": "G10", "order": 13, "code": ""}},
  {"model": "academics.gradelevel", "pk": 14, "fields": {"school": null, "curriculum": 1, "name": "Grade 11", "short_name": "G11", "order": 14, "code": ""}},
  {"model": "academics.gradelevel", "pk": 15, "fields": {"school": null, "curriculum": 1, "name": "Grade 12", "short_name": "G12", "order": 15, "code": ""}},
  {"model": "academics.gradelevel", "pk": 16, "fields": {"school": null, "curriculum": 1, "name": "Form 1", "short_name": "F1", "order": 16, "code": ""}},
  {"model": "academics.gradelevel", "pk": 17, "fields": {"school": null, "curriculum": 1, "name": "Form 2", "short_name": "F2", "order": 17, "code": ""}},
  {"model": "academics.gradelevel", "pk": 18, "fields": {"school": null, "curriculum": 1, "name": "Form 3", "short_name": "F3", "order": 18, "code": ""}},
  {"model": "academics.gradelevel", "pk": 19, "fields": {"school": null, "curriculum": 1, "name": "Form 4", "short_name": "F4", "order": 19, "code": ""}},


  {"model": "academics.gradelevel", "pk": 100, "fields": {"school": null, "curriculum": 10, "name": "Pre-Kindergarten", "short_name": "Pre-K", "order": 1, "code": ""}},
  {"model": "academics.gradelevel", "pk": 101, "fields": {"school": null, "curriculum": 10, "name": "Kindergarten", "short_name": "KG", "order": 2, "code": ""}},
  {"model": "academics.gradelevel", "pk": 102, "fields": {"school": null, "curriculum": 10, "name": "Grade 1", "short_name": "G1", "order": 3, "code": ""}},
  {"model": "academics.gradelevel", "pk": 103, "fields": {"school": null, "curriculum": 10, "name": "Grade 2", "short_name": "G2", "order": 4, "code": ""}},
  {"model": "academics.gradelevel", "pk": 104, "fields": {"school": null, "curriculum": 10, "name": "Grade 3", "short_name": "G3", "order": 5, "code": ""}},
  {"model": "academics.gradelevel", "pk": 105, "fields": {"school": null, "curriculum": 10, "name": "Grade 4", "short_name": "G4", "order": 6, "code": ""}},
  {"model": "academics.gradelevel", "pk": 106, "fields": {"school": null, "curriculum": 10, "name": "Grade 5", "short_name": "G5", "order": 7, "code": ""}},
  {"model": "academics.gradelevel", "pk": 107, "fields": {"school": null, "curriculum": 10, "name": "Grade 6", "short_name": "G6", "order": 8, "code": ""}},
  {"model": "academics.gradelevel", "pk": 108, "fields": {"school": null, "curriculum": 10, "name": "Grade 7", "short_name": "G7", "order": 9, "code": ""}},
  {"model": "academics.gradelevel", "pk": 109, "fields": {"school": null, "curriculum": 10, "name": "Grade 8", "short_name": "G8", "order": 10, "code": ""}},
  {"model": "academics.gradelevel", "pk": 110, "fields": {"school": null, "curriculum": 10, "name": "Grade 9", "short_name": "G9", "order": 11, "code": ""}},
  {"model": "academics.gradelevel", "pk": 111, "fields": {"school": null, "curriculum": 10, "name": "Grade 10", "short_name": "G10", "order": 12, "code": ""}},
  {"model": "academics.gradelevel", "pk": 112, "fields": {"school": null, "curriculum": 10, "name": "Grade 11", "short_name": "G11", "order": 13, "code": ""}},
  {"model": "academics.gradelevel", "pk": 113, "fields": {"school": null, "curriculum": 10, "name": "Grade 12", "short_name": "G12", "order": 14, "code": ""}},

  
  {"model": "academics.gradelevel", "pk": 200, "fields": {"school": null, "curriculum": 20, "name": "Standard I", "short_name": "Std I", "order": 1, "code": ""}},
  {"model": "academics.gradelevel", "pk": 201, "fields": {"school": null, "curriculum": 20, "name": "Standard II", "short_name": "Std II", "order": 2, "code": ""}},
  {"model": "academics.gradelevel", "pk": 202, "fields": {"school": null, "curriculum": 20, "name": "Standard III", "short_name": "Std III", "order": 3, "code": ""}},
  {"model": "academics.gradelevel", "pk": 203, "fields": {"school": null, "curriculum": 20, "name": "Standard IV", "short_name": "Std IV", "order": 4, "code": ""}},
  {"model": "academics.gradelevel", "pk": 204, "fields": {"school": null, "curriculum": 20, "name": "Standard V", "short_name": "Std V", "order": 5, "code": ""}},
  {"model": "academics.gradelevel", "pk": 205, "fields": {"school": null, "curriculum": 20, "name": "Standard VI", "short_name": "Std VI", "order": 6, "code": ""}},
  {"model": "academics.gradelevel", "pk": 206, "fields": {"school": null, "curriculum": 20, "name": "Standard VII", "short_name": "Std VII", "order": 7, "code": ""}},
  {"model": "academics.gradelevel", "pk": 207, "fields": {"school": null, "curriculum": 20, "name": "Form 1", "short_name": "F1", "order": 8, "code": ""}},
  {"model": "academics.gradelevel", "pk": 208, "fields": {"school": null, "curriculum": 20, "name": "Form 2", "short_name": "F2", "order": 9, "code": ""}},
  {"model": "academics.gradelevel", "pk": 209, "fields": {"school": null, "curriculum": 20, "name": "Form 3", "short_name": "F3", "order": 10, "code": ""}},
  {"model": "academics.gradelevel", "pk": 210, "fields": {"school": null, "curriculum": 20, "name": "Form 4", "short_name": "F4", "order": 11, "code": ""}},
  {"model": "academics.gradelevel", "pk": 211, "fields": {"school": null, "curriculum": 20, "name": "Form 5", "short_name": "F5", "order": 12, "code": ""}},
  {"model": "academics.gradelevel", "pk": 212, "fields": {"school": null, "curriculum": 20, "name": "Form 6", "short_name": "F6", "order": 13, "code": ""}},

  
  {"model": "academics.gradelevel", "pk": 300, "fields": {"school": null, "curriculum": 30, "name": "Primary 1", "short_name": "P1", "order": 1, "code": ""}},
  {"model": "academics.gradelevel", "pk": 301, "fields": {"school": null, "curriculum": 30, "name": "Primary 2", "short_name": "P2", "order": 2, "code": ""}},
  {"model": "academics.gradelevel", "pk": 302, "fields": {"school": null, "curriculum": 30, "name": "Primary 3", "short_name": "P3", "order": 3, "code": ""}},
  {"model": "academics.gradelevel", "pk": 303, "fields": {"school": null, "curriculum": 30, "name": "Primary 4", "short_name": "P4", "order": 4, "code": ""}},
  {"model": "academics.gradelevel", "pk": 304, "fields": {"school": null, "curriculum": 30, "name": "Primary 5", "short_name": "P5", "order": 5, "code": ""}},
  {"model": "academics.gradelevel", "pk": 305, "fields": {"school": null, "curriculum": 30, "name": "Primary 6", "short_name": "P6", "order": 6, "code": ""}},
  {"model": "academics.gradelevel", "pk": 306, "fields": {"school": null, "curriculum": 30, "name": "Primary 7", "short_name": "P7", "order": 7, "code": ""}},
  {"model": "academics.gradelevel", "pk": 307, "fields": {"school": null, "curriculum": 30, "name": "Senior 1", "short_name": "S1", "order": 8, "code": ""}},
  {"model": "academics.gradelevel", "pk": 308, "fields": {"school": null, "curriculum": 30, "name": "Senior 2", "short_name": "S2", "order": 9, "code": ""}},
  {"model": "academics.gradelevel", "pk": 309, "fields": {"school": null, "curriculum": 30, "name": "Senior 3", "short_name": "S3", "order": 10, "code": ""}},
  {"model": "academics.gradelevel", "pk": 310, "fields": {"school": null, "curriculum": 30, "name": "Senior 4", "short_name": "S4", "order": 11, "code": ""}},
  {"model": "academics.gradelevel", "pk": 311, "fields": {"school": null, "curriculum": 30, "name": "Senior 5", "short_name": "S5", "order": 12, "code": ""}},
  {"model": "academics.gradelevel", "pk": 312, "fields": {"school": null, "curriculum": 30, "name": "Senior 6", "short_name": "S6", "order": 13, "code": ""}},

  
  {"model": "academics.gradelevel", "pk": 400, "fields": {"school": null, "curriculum": 40, "name": "Primary 1", "short_name": "P1", "order": 1, "code": ""}},
  {"model": "academics.gradelevel", "pk": 401, "fields": {"school": null, "curriculum": 40, "name": "Primary 2", "short_name": "P2", "order": 2, "code": ""}},
  {"model": "academics.gradelevel", "pk": 402, "fields": {"school": null, "curriculum": 40, "name": "Primary 3", "short_name": "P3", "order": 3, "code": ""}},
  {"model": "academics.gradelevel", "pk": 403, "fields": {"school": null, "curriculum": 40, "name": "Primary 4", "short_name": "P4", "order": 4, "code": ""}},
  {"model": "academics.gradelevel", "pk": 404, "fields": {"school": null, "curriculum": 40, "name": "Primary 5", "short_name": "P5", "order": 5, "code": ""}},
  {"model": "academics.gradelevel", "pk": 405, "fields": {"school": null, "curriculum": 40, "name": "Primary 6", "short_name": "P6", "order": 6, "code": ""}},
  {"model": "academics.gradelevel", "pk": 406, "fields": {"school": null, "curriculum": 40, "name": "Senior 1", "short_name": "S1", "order": 7, "code": ""}},
  {"model": "academics.gradelevel", "pk": 407, "fields": {"school": null, "curriculum": 40, "name": "Senior 2", "short_name": "S2", "order": 8, "code": ""}},
  {"model": "academics.gradelevel", "pk": 408, "fields": {"school": null, "curriculum": 40, "name": "Senior 3", "short_name": "S3", "order": 9, "code": ""}},
  {"model": "academics.gradelevel", "pk": 409, "fields": {"school": null, "curriculum": 40, "name": "Senior 4", "short_name": "S4", "order": 10, "code": ""}},
  {"model": "academics.gradelevel", "pk": 410, "fields": {"school": null, "curriculum": 40, "name": "Senior 5", "short_name": "S5", "order": 11, "code": ""}},
  {"model": "academics.gradelevel", "pk": 411, "fields": {"school": null, "curriculum": 40, "name": "Senior 6", "short_name": "S6", "order": 12, "code": ""}},

  
  {"model": "academics.department", "pk": 1000, "fields": {"school": null, "curriculum": null, "name": "Science", "short_name": "Sci", "code": "SCI"}},
  {"model": "academics.department", "pk": 1001, "fields": {"school": null, "curriculum": null, "name": "Humanities", "short_name": "Hum", "code": "HUM"}},
  {"model": "academics.department", "pk": 1002, "fields": {"school": null, "curriculum": null, "name": "Technical", "short_name": "Tech", "code": "TECH"}},
  {"model": "academics.department", "pk": 1003, "fields": {"school": null, "curriculum": null, "name": "Commercial", "short_name": "Com", "code": "COM"}},
  {"model": "academics.department", "pk": 1004, "fields": {"school": null, "curriculum": null, "name": "Languages", "short_name": "Lang", "code": "LANG"}},
  {"model": "academics.department", "pk": 1005, "fields": {"school": null, "curriculum": null, "name": "Arts", "short_name": "Arts", "code": "ARTS"}},
  {"model": "academics.department", "pk": 1006, "fields": {"school": null, "curriculum": null, "name": "Business Studies", "short_name": "Bus", "code": "BUS"}},
  {"model": "academics.department", "pk": 1007, "fields": {"school": null, "curriculum": null, "name": "Vocational", "short_name": "Voc", "code": "VOC"}},
  {"model": "academics.department", "pk": 1008, "fields": {"school": null, "curriculum": null, "name": "Mathematics", "short_name": "Math", "code": "MATH"}},
  {"model": "academics.department", "pk": 1009, "fields": {"school": null, "curriculum": null, "name": "Social Studies", "short_name": "Soc", "code": "SOC"}},
  {"model": "academics.department", "pk": 1010, "fields": {"school": null, "curriculum": null, "name": "Physical Education", "short_name": "PE", "code": "PE"}}
]